ردیف,ردیف کالا,کد گروه کالا,شرح گروه کالا,شروع اعتبار BOM ,کد كالا مصرفی,شرح كالا مصرفی,سیکل یک عدد ( ثانیه),وزن (یک عدد),واحد وزن,کد مواد مصرفی,مشخصات مواد مصرفی,کد گروه مواد,گروه مواد مصرفی,درصد مصرف مواد,مقدار مصرف,واحد وزن مواد
1,1,905010,مونتاژ نشده پیچی,3/21/2025,10002002,بدنه نر 1.2*20,48,27,گرم,50000010,مواد نوید زر ZB332 - PP ,920000001,مواد پلی پروپیلن اصلی PP,70.76,19.11,گرم
2,1,905010,مونتاژ نشده پیچی,3/21/2025,10002002,بدنه نر 1.2*20,48,27,گرم,60000001,مواد گرانول,920000005,مواد پلی پروپیلن گرانول PP,23.58,6.37,گرم
3,1,905010,مونتاژ نشده پیچی,3/21/2025,10002002,بدنه نر 1.2*20,48,27,گرم,90000041,مواد رنگ مشکی PE-911,920000010,مواد رنگ مشکی,5.66,1.53,گرم
4,2,905010,مونتاژ نشده پیچی,3/21/2025,10002503,بدنه نر 3.4*25,67,34,گرم,50000010,مواد نوید زر ZB332 - PP ,920000001,مواد پلی پروپیلن اصلی PP,70.76,24.06,گرم
5,2,905010,مونتاژ نشده پیچی,3/21/2025,10002503,بدنه نر 3.4*25,67,34,گرم,60000001,مواد گرانول,920000005,مواد پلی پروپیلن گرانول PP,23.58,8.02,گرم
6,2,905010,مونتاژ نشده پیچی,3/21/2025,10002503,بدنه نر 3.4*25,67,34,گرم,90000041,مواد رنگ مشکی PE-911,920000010,مواد رنگ مشکی,5.66,1.92,گرم
7,3,905010,مونتاژ نشده پیچی,3/21/2025,10003210,بدنه نر 1*32,55,52,گرم,50000010,مواد نوید زر ZB332 - PP ,920000001,مواد پلی پروپیلن اصلی PP,70.76,36.8,گرم
8,3,905010,مونتاژ نشده پیچی,3/21/2025,10003210,بدنه نر 1*32,55,52,گرم,60000001,مواد گرانول,920000005,مواد پلی پروپیلن گرانول PP,23.58,12.26,گرم
9,3,905010,مونتاژ نشده پیچی,3/21/2025,10003210,بدنه نر 1*32,55,52,گرم,90000041,مواد رنگ مشکی PE-911,920000010,مواد رنگ مشکی,5.66,2.94,گرم
10,4,905010,مونتاژ نشده پیچی,3/21/2025,10004011,بدنه نر 11.4*40,65,98,گرم,50000010,مواد نوید زر ZB332 - PP ,920000001,مواد پلی پروپیلن اصلی PP,70.76,69.34,گرم
11,4,905010,مونتاژ نشده پیچی,3/21/2025,10004011,بدنه نر 11.4*40,65,98,گرم,60000001,مواد گرانول,920000005,مواد پلی پروپیلن گرانول PP,23.58,23.11,گرم
12,4,905010,مونتاژ نشده پیچی,3/21/2025,10004011,بدنه نر 11.4*40,65,98,گرم,90000041,مواد رنگ مشکی PE-911,920000010,مواد رنگ مشکی,5.66,5.55,گرم
13,5,905010,مونتاژ نشده پیچی,3/21/2025,10005012,بدنه نر 11.2*50,74,133,گرم,50000010,مواد نوید زر ZB332 - PP ,920000001,مواد پلی پروپیلن اصلی PP,70.76,94.11,گرم
14,5,905010,مونتاژ نشده پیچی,3/21/2025,10005012,بدنه نر 11.2*50,74,133,گرم,60000001,مواد گرانول,920000005,مواد پلی پروپیلن گرانول PP,23.58,31.36,گرم
15,5,905010,مونتاژ نشده پیچی,3/21/2025,10005012,بدنه نر 11.2*50,74,133,گرم,90000041,مواد رنگ مشکی PE-911,920000010,مواد رنگ مشکی,5.66,7.53,گرم
16,6,905010,مونتاژ نشده پیچی,3/21/2025,10005020,بدنه نر 2*50,61,139,گرم,50000010,مواد نوید زر ZB332 - PP ,920000001,مواد پلی پروپیلن اصلی PP,94.34,131.13,گرم
17,6,905010,مونتاژ نشده پیچی,3/21/2025,10005020,بدنه نر 2*50,61,139,گرم,90000041,مواد رنگ مشکی PE-911,920000010,مواد رنگ مشکی,5.66,7.87,گرم
18,7,905010,مونتاژ نشده پیچی,3/21/2025,10006320,بدنه نر 2*63,125,171,گرم,50000010,مواد نوید زر ZB332 - PP ,920000001,مواد پلی پروپیلن اصلی PP,70.76,121,گرم
19,7,905010,مونتاژ نشده پیچی,3/21/2025,10006320,بدنه نر 2*63,125,171,گرم,60000001,مواد گرانول,920000005,مواد پلی پروپیلن گرانول PP,23.58,40.32,گرم
20,7,905010,مونتاژ نشده پیچی,3/21/2025,10006320,بدنه نر 2*63,125,171,گرم,90000041,مواد رنگ مشکی PE-911,920000010,مواد رنگ مشکی,5.66,9.68,گرم
21,8,905010,مونتاژ نشده پیچی,3/21/2025,10007520,بدنه نر 2*75,204,349,گرم,50000010,مواد نوید زر ZB332 - PP ,920000001,مواد پلی پروپیلن اصلی PP,70.76,246.95,گرم
22,8,905010,مونتاژ نشده پیچی,3/21/2025,10007520,بدنه نر 2*75,204,349,گرم,60000001,مواد گرانول,920000005,مواد پلی پروپیلن گرانول PP,23.58,82.29,گرم
23,8,905010,مونتاژ نشده پیچی,3/21/2025,10007520,بدنه نر 2*75,204,349,گرم,90000041,مواد رنگ مشکی PE-911,920000010,مواد رنگ مشکی,5.66,19.75,گرم
24,9,905010,مونتاژ نشده پیچی,3/21/2025,10007522,بدنه نر 21.2*75,133,356,گرم,50000010,مواد نوید زر ZB332 - PP ,920000001,مواد پلی پروپیلن اصلی PP,94.34,335.85,گرم
25,9,905010,مونتاژ نشده پیچی,3/21/2025,10007522,بدنه نر 21.2*75,133,356,گرم,90000041,مواد رنگ مشکی PE-911,920000010,مواد رنگ مشکی,5.66,20.15,گرم
26,10,905010,مونتاژ نشده پیچی,3/21/2025,10009030,بدنه نر 3*90,175,507,گرم,50000010,مواد نوید زر ZB332 - PP ,920000001,مواد پلی پروپیلن اصلی PP,70.76,358.75,گرم
27,10,905010,مونتاژ نشده پیچی,3/21/2025,10009030,بدنه نر 3*90,175,507,گرم,60000001,مواد گرانول,920000005,مواد پلی پروپیلن گرانول PP,23.58,119.55,گرم
28,10,905010,مونتاژ نشده پیچی,3/21/2025,10009030,بدنه نر 3*90,175,507,گرم,90000041,مواد رنگ مشکی PE-911,920000010,مواد رنگ مشکی,5.66,28.7,گرم
29,11,905010,مونتاژ نشده پیچی,3/21/2025,10011040,بدنه نر 4*110,227,836,گرم,50000010,مواد نوید زر ZB332 - PP ,920000001,مواد پلی پروپیلن اصلی PP,94.34,788.68,گرم
30,11,905010,مونتاژ نشده پیچی,3/21/2025,10011040,بدنه نر 4*110,227,836,گرم,90000041,مواد رنگ مشکی PE-911,920000010,مواد رنگ مشکی,5.66,47.32,گرم
31,12,905010,مونتاژ نشده پیچی,3/21/2025,10012540,بدنه نر 4*125,242,1081,گرم,50000010,مواد نوید زر ZB332 - PP ,920000001,مواد پلی پروپیلن اصلی PP,70.76,764.92,گرم
32,12,905010,مونتاژ نشده پیچی,3/21/2025,10012540,بدنه نر 4*125,242,1081,گرم,60000001,مواد گرانول,920000005,مواد پلی پروپیلن گرانول PP,23.58,254.9,گرم
33,12,905010,مونتاژ نشده پیچی,3/21/2025,10012540,بدنه نر 4*125,242,1081,گرم,90000041,مواد رنگ مشکی PE-911,920000010,مواد رنگ مشکی,5.66,61.18,گرم
34,13,905010,مونتاژ نشده پیچی,3/21/2025,10012550,بدنه نر 5*125,242,1181,گرم,50000010,مواد نوید زر ZB332 - PP ,920000001,مواد پلی پروپیلن اصلی PP,70.76,835.68,گرم
35,13,905010,مونتاژ نشده پیچی,3/21/2025,10012550,بدنه نر 5*125,242,1181,گرم,60000001,مواد گرانول,920000005,مواد پلی پروپیلن گرانول PP,23.58,278.48,گرم
36,13,905010,مونتاژ نشده پیچی,3/21/2025,10012550,بدنه نر 5*125,242,1181,گرم,90000041,مواد رنگ مشکی PE-911,920000010,مواد رنگ مشکی,5.66,66.84,گرم
37,14,905010,مونتاژ نشده پیچی,3/21/2025,10201600,توری ابفشان,7,1,گرم,62021400,مواد بوشینگ,920000020,مواد بوشینگ,100,1,گرم
38,15,905010,مونتاژ نشده پیچی,3/21/2025,11002002,بدنه ماده 1.2*20,48,31,گرم,50000010,مواد نوید زر ZB332 - PP ,920000001,مواد پلی پروپیلن اصلی PP,70.76,21.94,گرم
39,15,905010,مونتاژ نشده پیچی,3/21/2025,11002002,بدنه ماده 1.2*20,48,31,گرم,60000001,مواد گرانول,920000005,مواد پلی پروپیلن گرانول PP,23.58,7.31,گرم
40,15,905010,مونتاژ نشده پیچی,3/21/2025,11002002,بدنه ماده 1.2*20,48,31,گرم,90000041,مواد رنگ مشکی PE-911,920000010,مواد رنگ مشکی,5.66,1.75,گرم
41,16,905010,مونتاژ نشده پیچی,3/21/2025,11002503,بدنه ماده 3.4*25,55,37,گرم,50000010,مواد نوید زر ZB332 - PP ,920000001,مواد پلی پروپیلن اصلی PP,70.76,26.18,گرم
42,16,905010,مونتاژ نشده پیچی,3/21/2025,11002503,بدنه ماده 3.4*25,55,37,گرم,60000001,مواد گرانول,920000005,مواد پلی پروپیلن گرانول PP,23.58,8.72,گرم
43,16,905010,مونتاژ نشده پیچی,3/21/2025,11002503,بدنه ماده 3.4*25,55,37,گرم,90000041,مواد رنگ مشکی PE-911,920000010,مواد رنگ مشکی,5.66,2.09,گرم
44,17,905010,مونتاژ نشده پیچی,3/21/2025,11003210,بدنه ماده 1*32,61,49,گرم,50000010,مواد نوید زر ZB332 - PP ,920000001,مواد پلی پروپیلن اصلی PP,94.34,46.23,گرم
45,17,905010,مونتاژ نشده پیچی,3/21/2025,11003210,بدنه ماده 1*32,61,49,گرم,90000041,مواد رنگ مشکی PE-911,920000010,مواد رنگ مشکی,5.66,2.77,گرم
46,18,905010,مونتاژ نشده پیچی,3/21/2025,11004011,بدنه اتصال ماده 11/4*40  ,65,89,گرم,50000010,مواد نوید زر ZB332 - PP ,920000001,مواد پلی پروپیلن اصلی PP,70.76,62.98,گرم
47,18,905010,مونتاژ نشده پیچی,3/21/2025,11004011,بدنه اتصال ماده 11/4*40  ,65,89,گرم,60000001,مواد گرانول,920000005,مواد پلی پروپیلن گرانول PP,23.58,20.99,گرم
48,18,905010,مونتاژ نشده پیچی,3/21/2025,11004011,بدنه اتصال ماده 11/4*40  ,65,89,گرم,90000041,مواد رنگ مشکی PE-911,920000010,مواد رنگ مشکی,5.66,5.04,گرم
49,19,905010,مونتاژ نشده پیچی,3/21/2025,11005012,بدنه ماده 11.2*50,89,113,گرم,50000010,مواد نوید زر ZB332 - PP ,920000001,مواد پلی پروپیلن اصلی PP,70.76,79.96,گرم
50,19,905010,مونتاژ نشده پیچی,3/21/2025,11005012,بدنه ماده 11.2*50,89,113,گرم,60000001,مواد گرانول,920000005,مواد پلی پروپیلن گرانول PP,23.58,26.65,گرم
51,19,905010,مونتاژ نشده پیچی,3/21/2025,11005012,بدنه ماده 11.2*50,89,113,گرم,90000041,مواد رنگ مشکی PE-911,920000010,مواد رنگ مشکی,5.66,6.4,گرم
52,20,905010,مونتاژ نشده پیچی,3/21/2025,11006320,بدنه ماده 2*63,86,146,گرم,50000010,مواد نوید زر ZB332 - PP ,920000001,مواد پلی پروپیلن اصلی PP,70.76,103.31,گرم
53,20,905010,مونتاژ نشده پیچی,3/21/2025,11006320,بدنه ماده 2*63,86,146,گرم,60000001,مواد گرانول,920000005,مواد پلی پروپیلن گرانول PP,23.58,34.43,گرم
54,20,905010,مونتاژ نشده پیچی,3/21/2025,11006320,بدنه ماده 2*63,86,146,گرم,90000041,مواد رنگ مشکی PE-911,920000010,مواد رنگ مشکی,5.66,8.26,گرم
55,21,905010,مونتاژ نشده پیچی,3/21/2025,11007520,بدنه ماده 2*75,155,250,گرم,50000010,مواد نوید زر ZB332 - PP ,920000001,مواد پلی پروپیلن اصلی PP,70.76,176.9,گرم
56,21,905010,مونتاژ نشده پیچی,3/21/2025,11007520,بدنه ماده 2*75,155,250,گرم,60000001,مواد گرانول,920000005,مواد پلی پروپیلن گرانول PP,23.58,58.95,گرم
57,21,905010,مونتاژ نشده پیچی,3/21/2025,11007520,بدنه ماده 2*75,155,250,گرم,90000041,مواد رنگ مشکی PE-911,920000010,مواد رنگ مشکی,5.66,14.15,گرم
58,22,905010,مونتاژ نشده پیچی,3/21/2025,11007522,بدنه ماده21.2*75,255,314,گرم,90000040,مواد PP R40,920000002,مواد پلی پروپیلن فرعی PP,56.6,177.72,گرم
59,22,905010,مونتاژ نشده پیچی,3/21/2025,11007522,بدنه ماده21.2*75,255,314,گرم,50000010,مواد نوید زر ZB332 - PP ,920000001,مواد پلی پروپیلن اصلی PP,37.74,118.5,گرم
60,22,905010,مونتاژ نشده پیچی,3/21/2025,11007522,بدنه ماده21.2*75,255,314,گرم,90000041,مواد رنگ مشکی PE-911,920000010,مواد رنگ مشکی,5.66,17.77,گرم
61,23,905010,مونتاژ نشده پیچی,3/21/2025,11009030,بدنه ماده 3*90,490,500,گرم,90000040,مواد PP R40,920000002,مواد پلی پروپیلن فرعی PP,56.6,283,گرم
62,23,905010,مونتاژ نشده پیچی,3/21/2025,11009030,بدنه ماده 3*90,490,500,گرم,50000010,مواد نوید زر ZB332 - PP ,920000001,مواد پلی پروپیلن اصلی PP,37.74,188.7,گرم
63,23,905010,مونتاژ نشده پیچی,3/21/2025,11009030,بدنه ماده 3*90,490,500,گرم,90000041,مواد رنگ مشکی PE-911,920000010,مواد رنگ مشکی,5.66,28.3,گرم
64,24,905010,مونتاژ نشده پیچی,3/21/2025,11011040,بدنه ماده 4*110,538,832,گرم,50000010,مواد نوید زر ZB332 - PP ,920000001,مواد پلی پروپیلن اصلی PP,94.34,784.91,گرم
65,24,905010,مونتاژ نشده پیچی,3/21/2025,11011040,بدنه ماده 4*110,538,832,گرم,90000041,مواد رنگ مشکی PE-911,920000010,مواد رنگ مشکی,5.66,47.09,گرم
66,25,905010,مونتاژ نشده پیچی,3/21/2025,11012540,بدنه ماده 4*125,400,911,گرم,50000010,مواد نوید زر ZB332 - PP ,920000001,مواد پلی پروپیلن اصلی PP,94.34,859.44,گرم
67,25,905010,مونتاژ نشده پیچی,3/21/2025,11012540,بدنه ماده 4*125,400,911,گرم,90000041,مواد رنگ مشکی PE-911,920000010,مواد رنگ مشکی,5.66,51.56,گرم
68,26,905010,مونتاژ نشده پیچی,3/21/2025,11012550,بدنه ماده 5*125,400,1211,گرم,50000010,مواد نوید زر ZB332 - PP ,920000001,مواد پلی پروپیلن اصلی PP,94.34,1142.46,گرم
69,26,905010,مونتاژ نشده پیچی,3/21/2025,11012550,بدنه ماده 5*125,400,1211,گرم,90000041,مواد رنگ مشکی PE-911,920000010,مواد رنگ مشکی,5.66,68.54,گرم
70,27,905070,مونتاژ نشده فشار قويPE100,3/21/2025,11211010,موفه آب باران 10-110,432,1281,گرم,90000030,مواد  پلی اتیلن خام EX3,920000007,مواد پلی اتیلن PE80,94.34,1208.5,گرم
71,27,905070,مونتاژ نشده فشار قويPE100,3/21/2025,11211010,موفه آب باران 10-110,432,1281,گرم,90000041,مواد رنگ مشکی PE-911,920000010,مواد رنگ مشکی,5.66,72.5,گرم
72,28,905010,مونتاژ نشده پیچی,3/21/2025,12001600,بدنه رابط تیپ به تیپ 16,10,8,گرم,50000010,مواد نوید زر ZB332 - PP ,920000001,مواد پلی پروپیلن اصلی PP,94.34,7.55,گرم
73,28,905010,مونتاژ نشده پیچی,3/21/2025,12001600,بدنه رابط تیپ به تیپ 16,10,8,گرم,90000041,مواد رنگ مشکی PE-911,920000010,مواد رنگ مشکی,5.66,0.45,گرم
74,29,905010,مونتاژ نشده پیچی,3/21/2025,12001601,بدنه رابط ویژه تیپ به تیپ 16,25,9,گرم,50000010,مواد نوید زر ZB332 - PP ,920000001,مواد پلی پروپیلن اصلی PP,94.34,8.49,گرم
75,29,905010,مونتاژ نشده پیچی,3/21/2025,12001601,بدنه رابط ویژه تیپ به تیپ 16,25,9,گرم,90000041,مواد رنگ مشکی PE-911,920000010,مواد رنگ مشکی,5.66,0.51,گرم
76,30,905010,مونتاژ نشده پیچی,3/21/2025,12001603,بدنه رابط تیپ به لوله 16,15,8,گرم,50000010,مواد نوید زر ZB332 - PP ,920000001,مواد پلی پروپیلن اصلی PP,94.34,7.55,گرم
77,30,905010,مونتاژ نشده پیچی,3/21/2025,12001603,بدنه رابط تیپ به لوله 16,15,8,گرم,90000041,مواد رنگ مشکی PE-911,920000010,مواد رنگ مشکی,5.66,0.45,گرم
78,31,905010,مونتاژ نشده پیچی,3/21/2025,12001604,بدنه رابط ویژه تیپ به لوله 16,25,7,گرم,50000010,مواد نوید زر ZB332 - PP ,920000001,مواد پلی پروپیلن اصلی PP,94.34,6.6,گرم
79,31,905010,مونتاژ نشده پیچی,3/21/2025,12001604,بدنه رابط ویژه تیپ به لوله 16,25,7,گرم,90000041,مواد رنگ مشکی PE-911,920000010,مواد رنگ مشکی,5.66,0.4,گرم
80,32,905010,مونتاژ نشده پیچی,3/21/2025,12001605,بدنه بست ابتدایی تیپ16,6,7,گرم,60000001,مواد گرانول,920000005,مواد پلی پروپیلن گرانول PP,94.34,6.6,گرم
81,32,905010,مونتاژ نشده پیچی,3/21/2025,12001605,بدنه بست ابتدایی تیپ16,6,7,گرم,90000041,مواد رنگ مشکی PE-911,920000010,مواد رنگ مشکی,5.66,0.4,گرم
82,33,905010,مونتاژ نشده پیچی,3/21/2025,12001606,بدنه بست ابتدایی لوله 16,6,4,گرم,60000001,مواد گرانول,920000005,مواد پلی پروپیلن گرانول PP,94.34,3.77,گرم
83,33,905010,مونتاژ نشده پیچی,3/21/2025,12001606,بدنه بست ابتدایی لوله 16,6,4,گرم,90000041,مواد رنگ مشکی PE-911,920000010,مواد رنگ مشکی,5.66,0.23,گرم
84,34,905010,مونتاژ نشده پیچی,3/21/2025,12002000,بدنه رابط 20,42,33,گرم,50000010,مواد نوید زر ZB332 - PP ,920000001,مواد پلی پروپیلن اصلی PP,70.76,23.35,گرم
85,34,905010,مونتاژ نشده پیچی,3/21/2025,12002000,بدنه رابط 20,42,33,گرم,60000001,مواد گرانول,920000005,مواد پلی پروپیلن گرانول PP,23.58,7.78,گرم
86,34,905010,مونتاژ نشده پیچی,3/21/2025,12002000,بدنه رابط 20,42,33,گرم,90000041,مواد رنگ مشکی PE-911,920000010,مواد رنگ مشکی,5.66,1.87,گرم
87,35,905010,مونتاژ نشده پیچی,3/21/2025,12002200,بدنه بست ابتدایی تیپ 22,11,13,گرم,60000001,مواد گرانول,920000005,مواد پلی پروپیلن گرانول PP,94.34,12.26,گرم
88,35,905010,مونتاژ نشده پیچی,3/21/2025,12002200,بدنه بست ابتدایی تیپ 22,11,13,گرم,90000041,مواد رنگ مشکی PE-911,920000010,مواد رنگ مشکی,5.66,0.74,گرم
89,36,905010,مونتاژ نشده پیچی,3/21/2025,12002201,بدنه رابط تیپ به تیپ 22  ,11,15,گرم,50000010,مواد نوید زر ZB332 - PP ,920000001,مواد پلی پروپیلن اصلی PP,94.34,14.15,گرم
90,36,905010,مونتاژ نشده پیچی,3/21/2025,12002201,بدنه رابط تیپ به تیپ 22  ,11,15,گرم,90000041,مواد رنگ مشکی PE-911,920000010,مواد رنگ مشکی,5.66,0.85,گرم
91,37,905010,مونتاژ نشده پیچی,3/21/2025,12002500,بدنه رابط 25,40,40,گرم,50000010,مواد نوید زر ZB332 - PP ,920000001,مواد پلی پروپیلن اصلی PP,70.76,28.3,گرم
92,37,905010,مونتاژ نشده پیچی,3/21/2025,12002500,بدنه رابط 25,40,40,گرم,60000001,مواد گرانول,920000005,مواد پلی پروپیلن گرانول PP,23.58,9.43,گرم
93,37,905010,مونتاژ نشده پیچی,3/21/2025,12002500,بدنه رابط 25,40,40,گرم,90000041,مواد رنگ مشکی PE-911,920000010,مواد رنگ مشکی,5.66,2.26,گرم
94,38,905010,مونتاژ نشده پیچی,3/21/2025,12003200,بدنه رابط 32,52,63,گرم,50000010,مواد نوید زر ZB332 - PP ,920000001,مواد پلی پروپیلن اصلی PP,70.76,44.58,گرم
95,38,905010,مونتاژ نشده پیچی,3/21/2025,12003200,بدنه رابط 32,52,63,گرم,60000001,مواد گرانول,920000005,مواد پلی پروپیلن گرانول PP,23.58,14.86,گرم
96,38,905010,مونتاژ نشده پیچی,3/21/2025,12003200,بدنه رابط 32,52,63,گرم,90000041,مواد رنگ مشکی PE-911,920000010,مواد رنگ مشکی,5.66,3.57,گرم
97,39,905010,مونتاژ نشده پیچی,3/21/2025,12004000,بدنه رابط 40,71,124,گرم,50000010,مواد نوید زر ZB332 - PP ,920000001,مواد پلی پروپیلن اصلی PP,70.76,87.74,گرم
98,39,905010,مونتاژ نشده پیچی,3/21/2025,12004000,بدنه رابط 40,71,124,گرم,60000001,مواد گرانول,920000005,مواد پلی پروپیلن گرانول PP,23.58,29.24,گرم
99,39,905010,مونتاژ نشده پیچی,3/21/2025,12004000,بدنه رابط 40,71,124,گرم,90000041,مواد رنگ مشکی PE-911,920000010,مواد رنگ مشکی,5.66,7.02,گرم
100,40,905010,مونتاژ نشده پیچی,3/21/2025,12005000,بدنه رابط 50,95,161,گرم,50000010,مواد نوید زر ZB332 - PP ,920000001,مواد پلی پروپیلن اصلی PP,70.76,113.92,گرم
101,40,905010,مونتاژ نشده پیچی,3/21/2025,12005000,بدنه رابط 50,95,161,گرم,60000001,مواد گرانول,920000005,مواد پلی پروپیلن گرانول PP,23.58,37.96,گرم
102,40,905010,مونتاژ نشده پیچی,3/21/2025,12005000,بدنه رابط 50,95,161,گرم,90000041,مواد رنگ مشکی PE-911,920000010,مواد رنگ مشکی,5.66,9.11,گرم
103,41,905010,مونتاژ نشده پیچی,3/21/2025,12006300,بدنه رابط 63,122,205,گرم,90000040,مواد PP R40,920000002,مواد پلی پروپیلن فرعی PP,56.6,116.03,گرم
104,41,905010,مونتاژ نشده پیچی,3/21/2025,12006300,بدنه رابط 63,122,205,گرم,50000010,مواد نوید زر ZB332 - PP ,920000001,مواد پلی پروپیلن اصلی PP,37.74,77.37,گرم
105,41,905010,مونتاژ نشده پیچی,3/21/2025,12006300,بدنه رابط 63,122,205,گرم,90000041,مواد رنگ مشکی PE-911,920000010,مواد رنگ مشکی,5.66,11.6,گرم
106,42,905010,مونتاژ نشده پیچی,3/21/2025,12007500,بدنه رابط 75,136,456,گرم,50000010,مواد نوید زر ZB332 - PP ,920000001,مواد پلی پروپیلن اصلی PP,94.34,430.19,گرم
107,42,905010,مونتاژ نشده پیچی,3/21/2025,12007500,بدنه رابط 75,136,456,گرم,90000041,مواد رنگ مشکی PE-911,920000010,مواد رنگ مشکی,5.66,25.81,گرم
108,43,905010,مونتاژ نشده پیچی,3/21/2025,12009000,بدنه رابط 90,276,685,گرم,50000010,مواد نوید زر ZB332 - PP ,920000001,مواد پلی پروپیلن اصلی PP,70.76,484.71,گرم
109,43,905010,مونتاژ نشده پیچی,3/21/2025,12009000,بدنه رابط 90,276,685,گرم,60000001,مواد گرانول,920000005,مواد پلی پروپیلن گرانول PP,23.58,161.52,گرم
110,43,905010,مونتاژ نشده پیچی,3/21/2025,12009000,بدنه رابط 90,276,685,گرم,90000041,مواد رنگ مشکی PE-911,920000010,مواد رنگ مشکی,5.66,38.77,گرم
111,44,905010,مونتاژ نشده پیچی,3/21/2025,12011000,بدنه رابط 110,228,1118,گرم,50000010,مواد نوید زر ZB332 - PP ,920000001,مواد پلی پروپیلن اصلی PP,70.76,791.1,گرم
112,44,905010,مونتاژ نشده پیچی,3/21/2025,12011000,بدنه رابط 110,228,1118,گرم,60000001,مواد گرانول,920000005,مواد پلی پروپیلن گرانول PP,23.58,263.62,گرم
113,44,905010,مونتاژ نشده پیچی,3/21/2025,12011000,بدنه رابط 110,228,1118,گرم,90000041,مواد رنگ مشکی PE-911,920000010,مواد رنگ مشکی,5.66,63.28,گرم
114,45,905010,مونتاژ نشده پیچی,3/21/2025,12012500,بدنه رابط 125,375,1535,گرم,50000010,مواد نوید زر ZB332 - PP ,920000001,مواد پلی پروپیلن اصلی PP,70.76,1086.17,گرم
115,45,905010,مونتاژ نشده پیچی,3/21/2025,12012500,بدنه رابط 125,375,1535,گرم,60000001,مواد گرانول,920000005,مواد پلی پروپیلن گرانول PP,23.58,361.95,گرم
116,45,905010,مونتاژ نشده پیچی,3/21/2025,12012500,بدنه رابط 125,375,1535,گرم,90000041,مواد رنگ مشکی PE-911,920000010,مواد رنگ مشکی,5.66,86.88,گرم
