ردیف,ردیف محصول,شماره سفارش,کد گروه کالا,شرح گروه کالا,شروع اعتبار BOM ,کد محصول,نام محصول,واحد جزء,ضریب کل,واحد کل,سیکل محصول,کد كالا مصرفی,شرح كالا مصرفی,"وزن کالا
(یک عدد)","وزن کل
(یک بسته)",واحد وزن,"BOM
(یک عدد)"," کل BOM
(یک بسته)",واحد BOM
1,1,910005045,901010,پوش فیت پروتکت,3/21/2025,11005045,سه راه تبدیل 45-50*110 پروتکت,عدد,14,کارتن,41,71000000,هولوگرام,0,0,گرم,1,14,عدد
2,1,910005045,901010,پوش فیت پروتکت,3/21/2025,11005045,سه راه تبدیل 45-50*110 پروتکت,عدد,14,کارتن,41,71000008,لیبل خام 10*8,0,0,گرم,0.0714,1,عدد
3,1,910005045,901010,پوش فیت پروتکت,3/21/2025,11005045,سه راه تبدیل 45-50*110 پروتکت,عدد,14,کارتن,41,71000011,لیبل زرد کنترل شد,0,0,گرم,0.0714,1,عدد
4,1,910005045,901010,پوش فیت پروتکت,3/21/2025,11005045,سه راه تبدیل 45-50*110 پروتکت,عدد,14,کارتن,41,71605002,واشر آب بندی 50,7,98,گرم,1,14,عدد
5,1,910005045,901010,پوش فیت پروتکت,3/21/2025,11005045,سه راه تبدیل 45-50*110 پروتکت,عدد,14,کارتن,41,99100004,کارتن پروتکت بزرگ,55.2,773,گرم,0.0714,1,عدد
6,1,910005045,901010,پوش فیت پروتکت,3/21/2025,11005045,سه راه تبدیل 45-50*110 پروتکت,عدد,14,کارتن,41,99100628,سوزن منگنه کارتن,0.7,10,گرم,0.5714,8,عدد
7,1,910005045,901010,پوش فیت پروتکت,3/21/2025,11005045,سه راه تبدیل 45-50*110 پروتکت,عدد,14,کارتن,41,711005045,بدنه سه راه تبدیل 45-50*110 پروتکت,205.6,2878.4,گرم,1,14,عدد
8,1,910005045,901010,پوش فیت پروتکت,3/21/2025,11005045,سه راه تبدیل 45-50*110 پروتکت,عدد,14,کارتن,41,71611003,واشر آب بندی 110,20,280,گرم,1,14,عدد
9,2,910005087,901010,پوش فیت پروتکت,3/21/2025,11005087,سه راه تبدیل87-50*110 پروتکت,عدد,15,کارتن,46,71000000,هولوگرام,0,0,گرم,1,15,عدد
10,2,910005087,901010,پوش فیت پروتکت,3/21/2025,11005087,سه راه تبدیل87-50*110 پروتکت,عدد,15,کارتن,46,71000008,لیبل خام 10*8,0,0,گرم,0.0667,1,عدد
11,2,910005087,901010,پوش فیت پروتکت,3/21/2025,11005087,سه راه تبدیل87-50*110 پروتکت,عدد,15,کارتن,46,71000011,لیبل زرد کنترل شد,0,0,گرم,0.0667,1,عدد
12,2,910005087,901010,پوش فیت پروتکت,3/21/2025,11005087,سه راه تبدیل87-50*110 پروتکت,عدد,15,کارتن,46,71605002,واشر آب بندی 50,7,105,گرم,1,15,عدد
13,2,910005087,901010,پوش فیت پروتکت,3/21/2025,11005087,سه راه تبدیل87-50*110 پروتکت,عدد,15,کارتن,46,71611003,واشر آب بندی 110,20,300,گرم,1,15,عدد
14,2,910005087,901010,پوش فیت پروتکت,3/21/2025,11005087,سه راه تبدیل87-50*110 پروتکت,عدد,15,کارتن,46,99100004,کارتن پروتکت بزرگ,51.5,773,گرم,0.0667,1,عدد
15,2,910005087,901010,پوش فیت پروتکت,3/21/2025,11005087,سه راه تبدیل87-50*110 پروتکت,عدد,15,کارتن,46,99100628,سوزن منگنه کارتن,0.7,10,گرم,0.5333,8,عدد
16,2,910005087,901010,پوش فیت پروتکت,3/21/2025,11005087,سه راه تبدیل87-50*110 پروتکت,عدد,15,کارتن,46,711005087,بدنه سه راه تبدیل87-50*110 پروتکت,187.5,2812.5,گرم,1,15,عدد
17,3,970004003,901010,پوش فیت پروتکت,3/21/2025,70004003,لوله یکسر سوکت 30-40 پروتکت,شاخه,18,بسته,48,71000009,لیبل کاغذی 51*34 دو ردیفه,0,0,گرم,0.0556,1,عدد
18,3,970004003,901010,پوش فیت پروتکت,3/21/2025,70004003,لوله یکسر سوکت 30-40 پروتکت,شاخه,18,بسته,48,71604000,واشر آب بندی 40,5,90,گرم,1,18,عدد
19,3,970004003,901010,پوش فیت پروتکت,3/21/2025,70004003,لوله یکسر سوکت 30-40 پروتکت,شاخه,18,بسته,48,99100002,تسمه بسته بندی زرد رنگ,0.4,7.44,گرم,0.0004,0.00744,کیلوگرم
20,3,970004003,901010,پوش فیت پروتکت,3/21/2025,70004003,لوله یکسر سوکت 30-40 پروتکت,شاخه,18,بسته,48,99104000,رول صنعتی پروتکت سایز 40,5,90,گرم,0.005,0.08998,کیلوگرم
21,3,970004003,901010,پوش فیت پروتکت,3/21/2025,70004003,لوله یکسر سوکت 30-40 پروتکت,شاخه,18,بسته,48,7804000,درپوش لوله زرد 40,13.6,244.8,گرم,1,18,عدد
22,3,970004003,901010,پوش فیت پروتکت,3/21/2025,70004003,لوله یکسر سوکت 30-40 پروتکت,شاخه,18,بسته,48,8804000,درپوش سوکت زرد 40,5.7,102.6,گرم,1,18,عدد
23,3,970004003,901010,پوش فیت پروتکت,3/21/2025,70004003,لوله یکسر سوکت 30-40 پروتکت,شاخه,18,بسته,48,8904001,اسپیسر مشکی 40,9.3,166.8,گرم,0.2222,4,عدد
24,4,970004005,901010,پوش فیت پروتکت,3/21/2025,70004005,لوله یکسر سوکت 50-40 پروتکت,شاخه,18,بسته,53,71000009,لیبل کاغذی 51*34 دو ردیفه,0,0,گرم,0.0556,1,عدد
25,4,970004005,901010,پوش فیت پروتکت,3/21/2025,70004005,لوله یکسر سوکت 50-40 پروتکت,شاخه,18,بسته,53,71604000,واشر آب بندی 40,5,90,گرم,1,18,عدد
26,4,970004005,901010,پوش فیت پروتکت,3/21/2025,70004005,لوله یکسر سوکت 50-40 پروتکت,شاخه,18,بسته,53,99100002,تسمه بسته بندی زرد رنگ,0.8,14.88,گرم,0.0008,0.01488,کیلوگرم
27,4,970004005,901010,پوش فیت پروتکت,3/21/2025,70004005,لوله یکسر سوکت 50-40 پروتکت,شاخه,18,بسته,53,99104000,رول صنعتی پروتکت سایز 40,7.3,130.7,گرم,0.0073,0.13068,کیلوگرم
28,4,970004005,901010,پوش فیت پروتکت,3/21/2025,70004005,لوله یکسر سوکت 50-40 پروتکت,شاخه,18,بسته,53,7804000,درپوش لوله زرد 40,13.6,244.8,گرم,1,18,عدد
29,4,970004005,901010,پوش فیت پروتکت,3/21/2025,70004005,لوله یکسر سوکت 50-40 پروتکت,شاخه,18,بسته,53,8804000,درپوش سوکت زرد 40,5.7,102.6,گرم,1,18,عدد
30,4,970004005,901010,پوش فیت پروتکت,3/21/2025,70004005,لوله یکسر سوکت 50-40 پروتکت,شاخه,18,بسته,53,8904001,اسپیسر مشکی 40,9.3,166.8,گرم,0.2222,4,عدد
31,5,970004010,901010,پوش فیت پروتکت,3/21/2025,70004010,لوله یکسر سوکت100-40 پروتکت,شاخه,18,بسته,62,71000009,لیبل کاغذی 51*34 دو ردیفه,0,0,گرم,0.0556,1,عدد
32,5,970004010,901010,پوش فیت پروتکت,3/21/2025,70004010,لوله یکسر سوکت100-40 پروتکت,شاخه,18,بسته,62,71604000,واشر آب بندی 40,5,90,گرم,1,18,عدد
33,5,970004010,901010,پوش فیت پروتکت,3/21/2025,70004010,لوله یکسر سوکت100-40 پروتکت,شاخه,18,بسته,62,99100002,تسمه بسته بندی زرد رنگ,0.8,14.88,گرم,0.0008,0.01488,کیلوگرم
34,5,970004010,901010,پوش فیت پروتکت,3/21/2025,70004010,لوله یکسر سوکت100-40 پروتکت,شاخه,18,بسته,62,99104000,رول صنعتی پروتکت سایز 40,10.6,190.2,گرم,0.0106,0.19019,کیلوگرم
35,5,970004010,901010,پوش فیت پروتکت,3/21/2025,70004010,لوله یکسر سوکت100-40 پروتکت,شاخه,18,بسته,62,7804000,درپوش لوله زرد 40,13.6,244.8,گرم,1,18,عدد
36,5,970004010,901010,پوش فیت پروتکت,3/21/2025,70004010,لوله یکسر سوکت100-40 پروتکت,شاخه,18,بسته,62,8804000,درپوش سوکت زرد 40,5.7,102.6,گرم,1,18,عدد
37,5,970004010,901010,پوش فیت پروتکت,3/21/2025,70004010,لوله یکسر سوکت100-40 پروتکت,شاخه,18,بسته,62,8904001,اسپیسر مشکی 40,9.3,166.8,گرم,0.2222,4,عدد
38,6,970004020,901010,پوش فیت پروتکت,3/21/2025,70004020,لوله یکسر سوکت 200-40 پروتکت,شاخه,18,بسته,85,71000009,لیبل کاغذی 51*34 دو ردیفه,0,0,گرم,0.0556,1,عدد
39,6,970004020,901010,پوش فیت پروتکت,3/21/2025,70004020,لوله یکسر سوکت 200-40 پروتکت,شاخه,18,بسته,85,71604000,واشر آب بندی 40,5,90,گرم,1,18,عدد
40,6,970004020,901010,پوش فیت پروتکت,3/21/2025,70004020,لوله یکسر سوکت 200-40 پروتکت,شاخه,18,بسته,85,99100002,تسمه بسته بندی زرد رنگ,1.2,22.32,گرم,0.0012,0.02232,کیلوگرم
41,6,970004020,901010,پوش فیت پروتکت,3/21/2025,70004020,لوله یکسر سوکت 200-40 پروتکت,شاخه,18,بسته,85,99104000,رول صنعتی پروتکت سایز 40,18.1,325.3,گرم,0.0181,0.32527,کیلوگرم
42,6,970004020,901010,پوش فیت پروتکت,3/21/2025,70004020,لوله یکسر سوکت 200-40 پروتکت,شاخه,18,بسته,85,7804000,درپوش لوله زرد 40,13.6,244.8,گرم,1,18,عدد
43,6,970004020,901010,پوش فیت پروتکت,3/21/2025,70004020,لوله یکسر سوکت 200-40 پروتکت,شاخه,18,بسته,85,8804000,درپوش سوکت زرد 40,5.7,102.6,گرم,1,18,عدد
44,6,970004020,901010,پوش فیت پروتکت,3/21/2025,70004020,لوله یکسر سوکت 200-40 پروتکت,شاخه,18,بسته,85,8904001,اسپیسر مشکی 40,13.9,250.2,گرم,0.3333,6,عدد
45,7,970004030,901010,پوش فیت پروتکت,3/21/2025,70004030,لوله یکسر سوکت 300-40 پروتکت,شاخه,18,بسته,105,71000009,لیبل کاغذی 51*34 دو ردیفه,0,0,گرم,0.0556,1,عدد
46,7,970004030,901010,پوش فیت پروتکت,3/21/2025,70004030,لوله یکسر سوکت 300-40 پروتکت,شاخه,18,بسته,105,71604000,واشر آب بندی 40,5,90,گرم,1,18,عدد
47,7,970004030,901010,پوش فیت پروتکت,3/21/2025,70004030,لوله یکسر سوکت 300-40 پروتکت,شاخه,18,بسته,105,99100002,تسمه بسته بندی زرد رنگ,1.2,22.32,گرم,0.0012,0.02232,کیلوگرم
48,7,970004030,901010,پوش فیت پروتکت,3/21/2025,70004030,لوله یکسر سوکت 300-40 پروتکت,شاخه,18,بسته,105,99104000,رول صنعتی پروتکت سایز 40,27.8,500.9,گرم,0.0278,0.50094,کیلوگرم
49,7,970004030,901010,پوش فیت پروتکت,3/21/2025,70004030,لوله یکسر سوکت 300-40 پروتکت,شاخه,18,بسته,105,7804000,درپوش لوله زرد 40,13.6,244.8,گرم,1,18,عدد
50,7,970004030,901010,پوش فیت پروتکت,3/21/2025,70004030,لوله یکسر سوکت 300-40 پروتکت,شاخه,18,بسته,105,8804000,درپوش سوکت زرد 40,5.7,102.6,گرم,1,18,عدد
51,7,970004030,901010,پوش فیت پروتکت,3/21/2025,70004030,لوله یکسر سوکت 300-40 پروتکت,شاخه,18,بسته,105,8904001,اسپیسر مشکی 40,13.9,250.2,گرم,0.3333,6,عدد
52,202,980212505,901020,پوش فیت جنرال سایلنت ,3/21/2025,80212505,لوله دوسر سوکت50-125 جنرال سایلنت,شاخه,4,بسته,233,71000009,لیبل کاغذی 51*34 دو ردیفه,0,0,گرم,0.25,1,عدد
53,202,980212505,901020,پوش فیت جنرال سایلنت ,3/21/2025,80212505,لوله دوسر سوکت50-125 جنرال سایلنت,شاخه,4,بسته,233,71612502,واشر آب بندی 125,56,224,گرم,2,8,عدد
54,202,980212505,901020,پوش فیت جنرال سایلنت ,3/21/2025,80212505,لوله دوسر سوکت50-125 جنرال سایلنت,شاخه,4,بسته,233,99100002,تسمه بسته بندی زرد رنگ,0.9,3.5,گرم,0.0009,0.0035,کیلوگرم
55,202,980212505,901020,پوش فیت جنرال سایلنت ,3/21/2025,80212505,لوله دوسر سوکت50-125 جنرال سایلنت,شاخه,4,بسته,233,99112502,رول صنعتی جنرال سایلنت سایز 125,43.8,175,گرم,0.0436,0.17457,کیلوگرم
56,202,980212505,901020,پوش فیت جنرال سایلنت ,3/21/2025,80212505,لوله دوسر سوکت50-125 جنرال سایلنت,شاخه,4,بسته,233,8812500,درپوش سوکت زرد 125,73.2,292.8,گرم,2,8,عدد
57,202,980212505,901020,پوش فیت جنرال سایلنت ,3/21/2025,80212505,لوله دوسر سوکت50-125 جنرال سایلنت,شاخه,4,بسته,233,8912501,اسپیسر مشکی 125,102.5,410.1,گرم,0.75,3,عدد
58,203,980212510,901020,پوش فیت جنرال سایلنت ,3/21/2025,80212510,لوله دوسر سوکت100-125 جنرال سایلنت,شاخه,4,بسته,249,71000009,لیبل کاغذی 51*34 دو ردیفه,0,0,گرم,0.25,1,عدد
59,203,980212510,901020,پوش فیت جنرال سایلنت ,3/21/2025,80212510,لوله دوسر سوکت100-125 جنرال سایلنت,شاخه,4,بسته,249,71612502,واشر آب بندی 125,56,224,گرم,2,8,عدد
60,203,980212510,901020,پوش فیت جنرال سایلنت ,3/21/2025,80212510,لوله دوسر سوکت100-125 جنرال سایلنت,شاخه,4,بسته,249,99100002,تسمه بسته بندی زرد رنگ,0.9,3.5,گرم,0.0009,0.0035,کیلوگرم
61,203,980212510,901020,پوش فیت جنرال سایلنت ,3/21/2025,80212510,لوله دوسر سوکت100-125 جنرال سایلنت,شاخه,4,بسته,249,99112502,رول صنعتی جنرال سایلنت سایز 125,60.8,243,گرم,0.0607,0.24288,کیلوگرم
62,203,980212510,901020,پوش فیت جنرال سایلنت ,3/21/2025,80212510,لوله دوسر سوکت100-125 جنرال سایلنت,شاخه,4,بسته,249,8812500,درپوش سوکت زرد 125,73.2,292.8,گرم,2,8,عدد
63,203,980212510,901020,پوش فیت جنرال سایلنت ,3/21/2025,80212510,لوله دوسر سوکت100-125 جنرال سایلنت,شاخه,4,بسته,249,8912501,اسپیسر مشکی 125,68.4,273.4,گرم,0.5,2,عدد
64,204,980212520,901020,پوش فیت جنرال سایلنت ,3/21/2025,80212520,لوله دوسر سوکت200-125 جنرال سایلنت,شاخه,4,بسته,294,1100005,چسب 5 سانتی متری,0,0.166586538,گرم,0.0139,0.055528846,عدد
65,204,980212520,901020,پوش فیت جنرال سایلنت ,3/21/2025,80212520,لوله دوسر سوکت200-125 جنرال سایلنت,شاخه,4,بسته,294,71000009,لیبل کاغذی 51*34 دو ردیفه,0,0,گرم,0.25,1,عدد
66,204,980212520,901020,پوش فیت جنرال سایلنت ,3/21/2025,80212520,لوله دوسر سوکت200-125 جنرال سایلنت,شاخه,4,بسته,294,71612502,واشر آب بندی 125,56,224,گرم,2,8,عدد
67,204,980212520,901020,پوش فیت جنرال سایلنت ,3/21/2025,80212520,لوله دوسر سوکت200-125 جنرال سایلنت,شاخه,4,بسته,294,99100002,تسمه بسته بندی زرد رنگ,1.3,5.24,گرم,0.0013,0.00524,کیلوگرم
68,204,980212520,901020,پوش فیت جنرال سایلنت ,3/21/2025,80212520,لوله دوسر سوکت200-125 جنرال سایلنت,شاخه,4,بسته,294,99112502,رول صنعتی جنرال سایلنت سایز 125,100.5,402,گرم,0.1006,0.40227,کیلوگرم
69,204,980212520,901020,پوش فیت جنرال سایلنت ,3/21/2025,80212520,لوله دوسر سوکت200-125 جنرال سایلنت,شاخه,4,بسته,294,8812500,درپوش سوکت زرد 125,73.2,292.8,گرم,2,8,عدد
70,204,980212520,901020,پوش فیت جنرال سایلنت ,3/21/2025,80212520,لوله دوسر سوکت200-125 جنرال سایلنت,شاخه,4,بسته,294,8912501,اسپیسر مشکی 125,170.9,683.5,گرم,1.25,5,عدد
71,205,980212530,901020,پوش فیت جنرال سایلنت ,3/21/2025,80212530,لوله دوسر سوکت300-125 جنرال سایلنت,شاخه,4,بسته,328,1100005,چسب 5 سانتی متری,0,0.166586538,گرم,0.0139,0.055528846,عدد
72,205,980212530,901020,پوش فیت جنرال سایلنت ,3/21/2025,80212530,لوله دوسر سوکت300-125 جنرال سایلنت,شاخه,4,بسته,328,71000009,لیبل کاغذی 51*34 دو ردیفه,0,0,گرم,0.25,1,عدد
73,205,980212530,901020,پوش فیت جنرال سایلنت ,3/21/2025,80212530,لوله دوسر سوکت300-125 جنرال سایلنت,شاخه,4,بسته,328,71612502,واشر آب بندی 125,56,224,گرم,2,8,عدد
74,205,980212530,901020,پوش فیت جنرال سایلنت ,3/21/2025,80212530,لوله دوسر سوکت300-125 جنرال سایلنت,شاخه,4,بسته,328,99100002,تسمه بسته بندی زرد رنگ,1.3,5.24,گرم,0.0013,0.00524,کیلوگرم
75,205,980212530,901020,پوش فیت جنرال سایلنت ,3/21/2025,80212530,لوله دوسر سوکت300-125 جنرال سایلنت,شاخه,4,بسته,328,99112502,رول صنعتی جنرال سایلنت سایز 125,136.5,546,گرم,0.1366,0.54648,کیلوگرم
76,205,980212530,901020,پوش فیت جنرال سایلنت ,3/21/2025,80212530,لوله دوسر سوکت300-125 جنرال سایلنت,شاخه,4,بسته,328,8812500,درپوش سوکت زرد 125,73.2,292.8,گرم,2,8,عدد
77,205,980212530,901020,پوش فیت جنرال سایلنت ,3/21/2025,80212530,لوله دوسر سوکت300-125 جنرال سایلنت,شاخه,4,بسته,328,8912501,اسپیسر مشکی 125,170.9,683.5,گرم,1.25,5,عدد
78,206,980216005,901020,پوش فیت جنرال سایلنت ,3/21/2025,80216005,لوله دوسر سوکت50-160 جنرال سایلنت,شاخه,2,بسته,245,71000009,لیبل کاغذی 51*34 دو ردیفه,0,0,گرم,0.5,1,عدد
79,206,980216005,901020,پوش فیت جنرال سایلنت ,3/21/2025,80216005,لوله دوسر سوکت50-160 جنرال سایلنت,شاخه,2,بسته,245,71616002,واشر آب بندی 160,94,188,گرم,2,4,عدد
80,206,980216005,901020,پوش فیت جنرال سایلنت ,3/21/2025,80216005,لوله دوسر سوکت50-160 جنرال سایلنت,شاخه,2,بسته,245,99100002,تسمه بسته بندی زرد رنگ,3.1,6.19,گرم,0.0031,0.00619,کیلوگرم
81,206,980216005,901020,پوش فیت جنرال سایلنت ,3/21/2025,80216005,لوله دوسر سوکت50-160 جنرال سایلنت,شاخه,2,بسته,245,99116002,رول صنعتی جنرال سایلنت سایز 160,77,154,گرم,0.077,0.154,کیلوگرم
82,206,980216005,901020,پوش فیت جنرال سایلنت ,3/21/2025,80216005,لوله دوسر سوکت50-160 جنرال سایلنت,شاخه,2,بسته,245,8816000,درپوش سوکت زرد 160,112.8,225.6,گرم,2,4,عدد
83,206,980216005,901020,پوش فیت جنرال سایلنت ,3/21/2025,80216005,لوله دوسر سوکت50-160 جنرال سایلنت,شاخه,2,بسته,245,8916001,اسپیسر مشکی 160,100.7,201.4,گرم,1,2,عدد
84,207,980216010,901020,پوش فیت جنرال سایلنت ,3/21/2025,80216010,لوله دوسر سوکت100-160 جنرال سایلنت,شاخه,2,بسته,264,71000009,لیبل کاغذی 51*34 دو ردیفه,0,0,گرم,0.5,1,عدد
85,207,980216010,901020,پوش فیت جنرال سایلنت ,3/21/2025,80216010,لوله دوسر سوکت100-160 جنرال سایلنت,شاخه,2,بسته,264,71616002,واشر آب بندی 160,94,188,گرم,2,4,عدد
86,207,980216010,901020,پوش فیت جنرال سایلنت ,3/21/2025,80216010,لوله دوسر سوکت100-160 جنرال سایلنت,شاخه,2,بسته,264,99100002,تسمه بسته بندی زرد رنگ,3.1,6.19,گرم,0.0031,0.00619,کیلوگرم
87,207,980216010,901020,پوش فیت جنرال سایلنت ,3/21/2025,80216010,لوله دوسر سوکت100-160 جنرال سایلنت,شاخه,2,بسته,264,99116002,رول صنعتی جنرال سایلنت سایز 160,115.5,231,گرم,0.1155,0.231,کیلوگرم
88,207,980216010,901020,پوش فیت جنرال سایلنت ,3/21/2025,80216010,لوله دوسر سوکت100-160 جنرال سایلنت,شاخه,2,بسته,264,8816000,درپوش سوکت زرد 160,112.8,225.6,گرم,2,4,عدد
89,207,980216010,901020,پوش فیت جنرال سایلنت ,3/21/2025,80216010,لوله دوسر سوکت100-160 جنرال سایلنت,شاخه,2,بسته,264,8916001,اسپیسر مشکی 160,100.7,201.4,گرم,1,2,عدد
90,208,980216020,901020,پوش فیت جنرال سایلنت ,3/21/2025,80216020,لوله دوسر سوکت200-160 جنرال سایلنت,شاخه,2,بسته,324,1100005,چسب 5 سانتی متری,0.1,0.147548077,گرم,0.0246,0.049182692,عدد
91,208,980216020,901020,پوش فیت جنرال سایلنت ,3/21/2025,80216020,لوله دوسر سوکت200-160 جنرال سایلنت,شاخه,2,بسته,324,71000009,لیبل کاغذی 51*34 دو ردیفه,0,0,گرم,0.5,1,عدد
92,208,980216020,901020,پوش فیت جنرال سایلنت ,3/21/2025,80216020,لوله دوسر سوکت200-160 جنرال سایلنت,شاخه,2,بسته,324,71616002,واشر آب بندی 160,94,188,گرم,2,4,عدد
93,208,980216020,901020,پوش فیت جنرال سایلنت ,3/21/2025,80216020,لوله دوسر سوکت200-160 جنرال سایلنت,شاخه,2,بسته,324,99100002,تسمه بسته بندی زرد رنگ,4.6,9.29,گرم,0.0046,0.00929,کیلوگرم
94,208,980216020,901020,پوش فیت جنرال سایلنت ,3/21/2025,80216020,لوله دوسر سوکت200-160 جنرال سایلنت,شاخه,2,بسته,324,99116002,رول صنعتی جنرال سایلنت سایز 160,196.5,393,گرم,0.1964,0.3927,کیلوگرم
95,208,980216020,901020,پوش فیت جنرال سایلنت ,3/21/2025,80216020,لوله دوسر سوکت200-160 جنرال سایلنت,شاخه,2,بسته,324,8816000,درپوش سوکت زرد 160,112.8,225.6,گرم,2,4,عدد
96,208,980216020,901020,پوش فیت جنرال سایلنت ,3/21/2025,80216020,لوله دوسر سوکت200-160 جنرال سایلنت,شاخه,2,بسته,324,8916001,اسپیسر مشکی 160,251.8,503.5,گرم,2.5,5,عدد
97,209,980216030,901020,پوش فیت جنرال سایلنت ,3/21/2025,80216030,لوله دوسر سوکت300-160 جنرال سایلنت,شاخه,2,بسته,362,1100005,چسب 5 سانتی متری,0.1,0.147548077,گرم,0.0246,0.049182692,عدد
98,209,980216030,901020,پوش فیت جنرال سایلنت ,3/21/2025,80216030,لوله دوسر سوکت300-160 جنرال سایلنت,شاخه,2,بسته,362,71000009,لیبل کاغذی 51*34 دو ردیفه,0,0,گرم,0.5,1,عدد
99,209,980216030,901020,پوش فیت جنرال سایلنت ,3/21/2025,80216030,لوله دوسر سوکت300-160 جنرال سایلنت,شاخه,2,بسته,362,71616002,واشر آب بندی 160,94,188,گرم,2,4,عدد
100,209,980216030,901020,پوش فیت جنرال سایلنت ,3/21/2025,80216030,لوله دوسر سوکت300-160 جنرال سایلنت,شاخه,2,بسته,362,99100002,تسمه بسته بندی زرد رنگ,4.6,9.29,گرم,0.0046,0.00929,کیلوگرم
101,209,980216030,901020,پوش فیت جنرال سایلنت ,3/21/2025,80216030,لوله دوسر سوکت300-160 جنرال سایلنت,شاخه,2,بسته,362,99116002,رول صنعتی جنرال سایلنت سایز 160,267,534,گرم,0.2672,0.53438,کیلوگرم
102,209,980216030,901020,پوش فیت جنرال سایلنت ,3/21/2025,80216030,لوله دوسر سوکت300-160 جنرال سایلنت,شاخه,2,بسته,362,8816000,درپوش سوکت زرد 160,112.8,225.6,گرم,2,4,عدد
103,209,980216030,901020,پوش فیت جنرال سایلنت ,3/21/2025,80216030,لوله دوسر سوکت300-160 جنرال سایلنت,شاخه,2,بسته,362,8916001,اسپیسر مشکی 160,251.8,503.5,گرم,2.5,5,عدد
104,210,981005045,901020,پوش فیت جنرال سایلنت ,3/21/2025,81005045,سه راه تبدیل 45-50*110 جنرال سایلنت,عدد,14,کارتن,41,71000000,هولوگرام,0,0,گرم,1,14,عدد
105,210,981005045,901020,پوش فیت جنرال سایلنت ,3/21/2025,81005045,سه راه تبدیل 45-50*110 جنرال سایلنت,عدد,14,کارتن,41,71000008,لیبل خام 10*8,0,0,گرم,0.0714,1,عدد
106,210,981005045,901020,پوش فیت جنرال سایلنت ,3/21/2025,81005045,سه راه تبدیل 45-50*110 جنرال سایلنت,عدد,14,کارتن,41,71000011,لیبل زرد کنترل شد,0,0,گرم,0.0714,1,عدد
107,210,981005045,901020,پوش فیت جنرال سایلنت ,3/21/2025,81005045,سه راه تبدیل 45-50*110 جنرال سایلنت,عدد,14,کارتن,41,71605002,واشر آب بندی 50,7,98,گرم,1,14,عدد
108,210,981005045,901020,پوش فیت جنرال سایلنت ,3/21/2025,81005045,سه راه تبدیل 45-50*110 جنرال سایلنت,عدد,14,کارتن,41,71611003,واشر آب بندی 110,20,280,گرم,1,14,عدد
109,210,981005045,901020,پوش فیت جنرال سایلنت ,3/21/2025,81005045,سه راه تبدیل 45-50*110 جنرال سایلنت,عدد,14,کارتن,41,99100574,کارتن جنرال سایلنت بزرگ,61.7,864,گرم,0.0714,1,عدد
110,210,981005045,901020,پوش فیت جنرال سایلنت ,3/21/2025,81005045,سه راه تبدیل 45-50*110 جنرال سایلنت,عدد,14,کارتن,41,99100628,سوزن منگنه کارتن,0.7,10,گرم,0.5714,8,عدد
111,210,981005045,901020,پوش فیت جنرال سایلنت ,3/21/2025,81005045,سه راه تبدیل 45-50*110 جنرال سایلنت,عدد,14,کارتن,41,881005045,بدنه سه راه تبدیل 45-50*110 جنرال سایلنت,218.5,3059,گرم,1,14,عدد
112,211,981005087,901020,پوش فیت جنرال سایلنت ,3/21/2025,81005087,سه راه تبدیل87-50*110 جنرال سایلنت,عدد,15,کارتن,46,71000000,هولوگرام,0,0,گرم,1,15,عدد
113,211,981005087,901020,پوش فیت جنرال سایلنت ,3/21/2025,81005087,سه راه تبدیل87-50*110 جنرال سایلنت,عدد,15,کارتن,46,71000008,لیبل خام 10*8,0,0,گرم,0.0667,1,عدد
114,211,981005087,901020,پوش فیت جنرال سایلنت ,3/21/2025,81005087,سه راه تبدیل87-50*110 جنرال سایلنت,عدد,15,کارتن,46,71000011,لیبل زرد کنترل شد,0,0,گرم,0.0667,1,عدد
115,211,981005087,901020,پوش فیت جنرال سایلنت ,3/21/2025,81005087,سه راه تبدیل87-50*110 جنرال سایلنت,عدد,15,کارتن,46,71605002,واشر آب بندی 50,7,105,گرم,1,15,عدد
116,211,981005087,901020,پوش فیت جنرال سایلنت ,3/21/2025,81005087,سه راه تبدیل87-50*110 جنرال سایلنت,عدد,15,کارتن,46,71611003,واشر آب بندی 110,20,300,گرم,1,15,عدد
117,211,981005087,901020,پوش فیت جنرال سایلنت ,3/21/2025,81005087,سه راه تبدیل87-50*110 جنرال سایلنت,عدد,15,کارتن,46,99100574,کارتن جنرال سایلنت بزرگ,57.6,864,گرم,0.0667,1,عدد
118,211,981005087,901020,پوش فیت جنرال سایلنت ,3/21/2025,81005087,سه راه تبدیل87-50*110 جنرال سایلنت,عدد,15,کارتن,46,99100628,سوزن منگنه کارتن,0.7,10,گرم,0.5333,8,عدد
119,211,981005087,901020,پوش فیت جنرال سایلنت ,3/21/2025,81005087,سه راه تبدیل87-50*110 جنرال سایلنت,عدد,15,کارتن,46,881005087,بدنه سه راه تبدیل87-50*110 جنرال سایلنت,197.5,2962.5,گرم,1,15,عدد
120,212,981007545,901020,پوش فیت جنرال سایلنت ,3/21/2025,81007545,سه راه تبدیل 45-75*110 جنرال سایلنت,عدد,10,کارتن,48,71000000,هولوگرام,0,0,گرم,1,10,عدد
121,212,981007545,901020,پوش فیت جنرال سایلنت ,3/21/2025,81007545,سه راه تبدیل 45-75*110 جنرال سایلنت,عدد,10,کارتن,48,71000008,لیبل خام 10*8,0,0,گرم,0.1,1,عدد
122,212,981007545,901020,پوش فیت جنرال سایلنت ,3/21/2025,81007545,سه راه تبدیل 45-75*110 جنرال سایلنت,عدد,10,کارتن,48,71000011,لیبل زرد کنترل شد,0,0,گرم,0.1,1,عدد
123,212,981007545,901020,پوش فیت جنرال سایلنت ,3/21/2025,81007545,سه راه تبدیل 45-75*110 جنرال سایلنت,عدد,10,کارتن,48,71607503,واشر آب بندی 75,10,100,گرم,1,10,عدد
124,212,981007545,901020,پوش فیت جنرال سایلنت ,3/21/2025,81007545,سه راه تبدیل 45-75*110 جنرال سایلنت,عدد,10,کارتن,48,71611003,واشر آب بندی 110,20,200,گرم,1,10,عدد
125,212,981007545,901020,پوش فیت جنرال سایلنت ,3/21/2025,81007545,سه راه تبدیل 45-75*110 جنرال سایلنت,عدد,10,کارتن,48,99100574,کارتن جنرال سایلنت بزرگ,86.4,864,گرم,0.1,1,عدد
126,212,981007545,901020,پوش فیت جنرال سایلنت ,3/21/2025,81007545,سه راه تبدیل 45-75*110 جنرال سایلنت,عدد,10,کارتن,48,99100628,سوزن منگنه کارتن,1,10,گرم,0.8,8,عدد
127,212,981007545,901020,پوش فیت جنرال سایلنت ,3/21/2025,81007545,سه راه تبدیل 45-75*110 جنرال سایلنت,عدد,10,کارتن,48,881007545,بدنه سه راه تبدیل 45-75*110 جنرال سایلنت,260.5,2605,گرم,1,10,عدد
